"method","MAE","MSE","MAE_h1","MAE_hH","ME_e0","MAE_e0","MAE_edag","drift","sex","start","panel"
"LC",0.119397962975975,0.0278840740505383,0.0604853117759399,0.146861463356672,-0.693093125789801,0.796933284002751,0.129802620279407,-0.52487111458053,"Female",2001,"F2001"
"LCP",0.118577867663047,0.0271370260359138,0.0610087798126254,0.14361896010866,-0.696545668344007,0.7976008186923,0.129469139826919,-0.510272425830886,"Female",2001,"F2001"
"LM",0.107994285609714,0.0195082229762972,0.0573516658993528,0.136272931494163,-0.683768347340077,0.791041382149996,0.103540673050598,-0.523100990717642,"Female",2001,"F2001"
"BMS",0.117189953401797,0.0270143503099856,0.0686048347956105,0.141166412720709,-0.63828243793796,0.74658468188403,0.129320381866342,-0.481353584551304,"Female",2001,"F2001"
"LCedag",0.0961546263961154,0.0159708952682258,0.0575772358398227,0.114688374903058,-0.571486150669639,0.694058416392065,0.0896018178380032,-0.418810755289652,"Female",2001,"F2001"
"MLCedag",0.0961548329097052,0.0159195778332176,0.0573436221710691,0.11420273026456,-0.574320568391178,0.696509596272327,0.0897102484444062,-0.420968909738997,"Female",2001,"F2001"
"LC",0.119687554890838,0.0276640021824946,0.0642832572031989,0.143757735161296,-0.675020288792805,0.787985180865078,0.0891926909990463,-0.524439396449217,"Female",1991,"F1991"
"LCP",0.119540360648642,0.0280298590500975,0.0680518684654551,0.141363083461009,-0.688416940951819,0.796080508569619,0.0960443188480575,-0.522002220149481,"Female",1991,"F1991"
"LM",0.106399023163149,0.0184721432192555,0.0565354684064096,0.132714820045304,-0.685638310057652,0.792855505689744,0.0929485095928797,-0.521625391997393,"Female",1991,"F1991"
"BMS",0.117189953401797,0.0270143503099856,0.0686048347956105,0.141166412720709,-0.63828243793796,0.74658468188403,0.129320381866342,-0.481353584551304,"Female",1991,"F1991"
"LCedag",0.0991903845667947,0.0164455295835823,0.0569732271551186,0.118843430623657,-0.613841812878994,0.730827343392267,0.0839220236072368,-0.456772010797396,"Female",1991,"F1991"
"MLCedag",0.0987960061405049,0.0163047205839748,0.0568211297570247,0.117845019964576,-0.613279044224242,0.730331416054673,0.0847100570975599,-0.456198271642192,"Female",1991,"F1991"
"LC",0.116287716617164,0.0240974015959872,0.0602656456481665,0.13938401128848,-0.666537351175907,0.779360750286577,0.0876643448303987,-0.508073055823629,"Female",1981,"F1981"
"LCP",0.111543735863112,0.0214649536286827,0.0588640981096716,0.132287498310986,-0.68352806767993,0.789370913187196,0.0975986126977389,-0.50067119765168,"Female",1981,"F1981"
"LM",0.105657098665259,0.0180225515765114,0.0570512161688795,0.130577747568885,-0.680774805416397,0.788656525190996,0.0915817591406625,-0.512222273101152,"Female",1981,"F1981"
"BMS",0.117189953401797,0.0270143503099856,0.0686048347956105,0.141166412720709,-0.63828243793796,0.74658468188403,0.129320381866342,-0.481353584551304,"Female",1981,"F1981"
"LCedag",0.119386826157536,0.0221425195247974,0.0557389376387758,0.15693625992128,-0.823382698388301,0.911745253962985,0.113948098132954,-0.628199727451686,"Female",1981,"F1981"
"MLCedag",0.120153373756536,0.0223222035177146,0.0556618660713335,0.158458113620619,-0.839021358887905,0.925241012318659,0.117059450742825,-0.634895883728779,"Female",1981,"F1981"
"LC",0.13002664311595,0.0279635461707343,0.0659808974764706,0.159160660829276,-0.705120688975728,0.79732890708097,0.129258882489637,-0.515071867375893,"Female",1971,"F1971"
"LCP",0.134191135698029,0.0312899044972325,0.0758792489428767,0.160637455402738,-0.751300498848255,0.827272586766313,0.151101494838614,-0.519492606258202,"Female",1971,"F1971"
"LM",0.106134610929216,0.0182282377771028,0.0580317503572594,0.131709997706999,-0.659312774600096,0.770038422323046,0.0956933004596085,-0.513440249447092,"Female",1971,"F1971"
"BMS",0.117189953401797,0.0270143503099856,0.0686048347956105,0.141166412720709,-0.63828243793796,0.74658468188403,0.129320381866342,-0.481353584551304,"Female",1971,"F1971"
"LCedag",0.117173088398446,0.0215528904470248,0.0569708064408291,0.152334401954506,-0.771040612304202,0.86643604808493,0.116217575461454,-0.607951552397882,"Female",1971,"F1971"
"MLCedag",0.115242933880533,0.0211525011426984,0.0571149512454083,0.148497961153282,-0.756596040249406,0.853967409712436,0.113984222072722,-0.591071212872498,"Female",1971,"F1971"
"LC",0.123191344894669,0.0246944172413528,0.0722398307691497,0.1410582585784,-0.703982733465924,0.855471778116944,0.102081666619752,-0.456642880555558,"Male",2001,"M2001"
"LCP",0.126584295884259,0.0264819833331392,0.0788878552846814,0.146969993043691,-0.711774047282549,0.855075789454801,0.09873874169378,-0.437710693594247,"Male",2001,"M2001"
"LM",0.106223562398703,0.0213290446532215,0.0592767390008448,0.12773923175479,-0.745616806836614,0.882321700002734,0.094865799025812,-0.462996836298181,"Male",2001,"M2001"
"BMS",0.111346578746651,0.0216629869736932,0.0666257818310818,0.130635230022997,-0.685797000402135,0.829123134847993,0.180792989544608,-0.415249717865176,"Male",2001,"M2001"
"LCedag",0.0965435006575194,0.0179816397053619,0.0605233825817939,0.110014535378817,-0.629053519648713,0.781673689197245,0.0955639315977038,-0.363805119059288,"Male",2001,"M2001"
"MLCedag",0.0942049268852485,0.0171311589249741,0.06151952278528,0.105937548922515,-0.584901069911766,0.743483484946214,0.095534762564947,-0.327471697895935,"Male",2001,"M2001"
"LC",0.14358964323646,0.0309438238872141,0.09111704113379,0.168298541434063,-0.597336097073386,0.787226232763791,0.3157074020467,-0.450252683758068,"Male",1991,"M1991"
"LCP",0.147417080386752,0.0341173966486835,0.101433910951384,0.169876445959738,-0.609009200554757,0.793096192685178,0.219008279953087,-0.447453879519117,"Male",1991,"M1991"
"LM",0.108982708489294,0.0220540199866564,0.0607992923234063,0.129487601701643,-0.72126539115132,0.86173020339802,0.0990744867741579,-0.457561246221604,"Male",1991,"M1991"
"BMS",0.111346578746651,0.0216629869736932,0.0666257818310818,0.130635230022997,-0.685797000402135,0.829123134847993,0.180792989544608,-0.415249717865176,"Male",1991,"M1991"
"LCedag",0.124346349015311,0.0281653147112018,0.0591183018140191,0.158654175946376,-0.903752215610237,1.01955967772975,0.0978377779247712,-0.610570912263618,"Male",1991,"M1991"
"MLCedag",0.110007407450455,0.0226892806669569,0.0615147163425895,0.130990945542562,-0.735934467344515,0.874324958375343,0.0978345359436503,-0.466627419529254,"Male",1991,"M1991"
"LC",0.145352067143066,0.0314310058162243,0.0905939442258832,0.172418634979205,-0.57719444463454,0.776108731619888,0.362755122579849,-0.438913983129964,"Male",1981,"M1981"
"LCP",0.143913172487436,0.0319454601854147,0.0886143611778083,0.169704882245749,-0.565669082291566,0.766444660564463,0.311328679520965,-0.428560108949267,"Male",1981,"M1981"
"LM",0.109876406036303,0.0220488632185037,0.0603741415177,0.13226288632891,-0.726660881477463,0.866476948349666,0.102379175101158,-0.449208227016004,"Male",1981,"M1981"
"BMS",0.111346578746651,0.0216629869736932,0.0666257818310818,0.130635230022997,-0.685797000402135,0.829123134847993,0.180792989544608,-0.415249717865176,"Male",1981,"M1981"
"LCedag",0.132347063261728,0.031872431585541,0.0578900614290986,0.174301403339463,-1.00200228813741,1.10464124995528,0.0982582736311887,-0.674684644257138,"Male",1981,"M1981"
"MLCedag",0.122548381575575,0.0276668475635489,0.0589354671402355,0.155854892968382,-0.888104284055083,1.00606744338285,0.0981227271840087,-0.577549348603974,"Male",1981,"M1981"
"LC",0.135329778262958,0.0286899502023747,0.0804216678942555,0.158040150539564,-0.610224625556378,0.797940697111886,0.217443070688523,-0.417086636617546,"Male",1971,"M1971"
"LCP",0.14540518730987,0.0347690475468062,0.102412086005264,0.154717686541853,-0.565770253142568,0.772541765612743,0.299080931073313,-0.410236881170249,"Male",1971,"M1971"
"LM",0.107824173422638,0.0215242365790752,0.0597545397210519,0.128521314181221,-0.737315215358197,0.875580763786965,0.0980215714222496,-0.424823213806623,"Male",1971,"M1971"
"BMS",0.111346578746651,0.0216629869736932,0.0666257818310818,0.130635230022997,-0.685797000402135,0.829123134847993,0.180792989544608,-0.415249717865176,"Male",1971,"M1971"
"LCedag",0.1124360073472,0.0231641833274257,0.0591159344686519,0.137258545186959,-0.799231041862586,0.929122042842644,0.0975324969702665,-0.472425307276401,"Male",1971,"M1971"
"MLCedag",0.114096250832867,0.0240063372303295,0.057675196383038,0.140622356023301,-0.835424941007489,0.960464123936271,0.0977955470313674,-0.489508266684474,"Male",1971,"M1971"
"LC",0.114147408964746,0.0226912738150705,0.0677275197739314,0.131893878853024,-0.732093128565163,0.856386681484884,0.114981125136667,-0.497429917400292,"Total",2001,"T2001"
"LCP",0.116039274865818,0.023438386508968,0.0712423757954094,0.134826524213028,-0.735956847511446,0.85624390341209,0.12826032047848,-0.485475122827267,"Total",2001,"T2001"
"LM",0.0967182907852985,0.0161544127793522,0.0415303713640737,0.124742459822414,-0.738160684518641,0.860717678664651,0.111016478778791,-0.499191312060015,"Total",2001,"T2001"
"BMS",0.109126211778067,0.0207447487872275,0.0631748175164522,0.131145767490479,-0.701677322146156,0.822186578045614,0.176929939464956,-0.465672146283353,"Total",2001,"T2001"
"LCedag",0.0861697736082205,0.0129678783040663,0.0442396493479645,0.103802414391115,-0.632803654489234,0.769748979054086,0.0953908155615409,-0.407055112162299,"Total",2001,"T2001"
"MLCedag",0.0841182356788271,0.0124812544086135,0.0449084352965695,0.099364200729006,-0.611252455285032,0.751101648865759,0.0958379443925459,-0.38752697204902,"Total",2001,"T2001"
"LC",0.126616860560088,0.0261369031587196,0.0766777548151783,0.149117701516641,-0.66827407776488,0.815171684047601,0.103858637701818,-0.486768799041735,"Total",1991,"T1991"
"LCP",0.131641816106296,0.0294366318396767,0.0865038125403623,0.152538518784977,-0.681807217752569,0.822624234020756,0.0797134615890652,-0.487370009191616,"Total",1991,"T1991"
"LM",0.0956267712950622,0.0160133965438708,0.0415044173146338,0.122080252902549,-0.71979644723645,0.845152532419524,0.0852391904736514,-0.487477601612609,"Total",1991,"T1991"
"BMS",0.109126211778067,0.0207447487872275,0.0631748175164522,0.131145767490479,-0.701677322146156,0.822186578045614,0.176929939464956,-0.465672146283353,"Total",1991,"T1991"
"LCedag",0.0945207683432413,0.0155238625335303,0.0417872988536319,0.120099168287008,-0.713341354748587,0.839590686802836,0.0836021633204297,-0.478760829304226,"Total",1991,"T1991"
"MLCedag",0.0905493808539156,0.0144009788223742,0.0430973428954126,0.111409998307678,-0.664482379419704,0.797288343581576,0.0845265380052709,-0.440075046468092,"Total",1991,"T1991"
"LC",0.126817676580491,0.0242218790381394,0.0760282194635439,0.150989762724163,-0.64968984011866,0.802012654809712,0.115131622211618,-0.468946157130412,"Total",1981,"T1981"
"LCP",0.126476877538025,0.0239434491188885,0.0759865468359399,0.149601389955323,-0.657386949545335,0.805141444213777,0.0956297053091021,-0.462026295633834,"Total",1981,"T1981"
"LM",0.0950150007279635,0.0155542778567212,0.0413364578952855,0.121047518506584,-0.718200020614592,0.843814212450269,0.0829182388132384,-0.475176751455635,"Total",1981,"T1981"
"BMS",0.109126211778067,0.0207447487872275,0.0631748175164522,0.131145767490479,-0.701677322146156,0.822186578045614,0.176929939464956,-0.465672146283353,"Total",1981,"T1981"
"LCedag",0.10795207787158,0.0198503482203605,0.0383199489826028,0.146496864854664,-0.872408594490327,0.97711122049754,0.0966685297727391,-0.594910694201914,"Total",1981,"T1981"
"MLCedag",0.104382499177097,0.0187674068413328,0.0386327237610334,0.139395799098948,-0.836130494712876,0.945698397961206,0.0991829565739536,-0.563666004876766,"Total",1981,"T1981"
"LC",0.122741323161781,0.022700934463531,0.0678721647944994,0.146690365485518,-0.682233032860975,0.819234484117104,0.0823684557287017,-0.459005453446943,"Total",1971,"T1971"
"LCP",0.127304937668114,0.028144046686437,0.0846912081471967,0.14469730481158,-0.708127327574596,0.836542597789196,0.0838269251319719,-0.459389277806001,"Total",1971,"T1971"
"LM",0.0934797515264438,0.0151222859043543,0.0412391390932694,0.118418904012423,-0.70946237704658,0.836168142820415,0.0911690491543055,-0.461596615275697,"Total",1971,"T1971"
"BMS",0.109126211778067,0.0207447487872275,0.0631748175164522,0.131145767490479,-0.701677322146156,0.822186578045614,0.176929939464956,-0.465672146283353,"Total",1971,"T1971"
"LCedag",0.100474475505922,0.0173952395854174,0.0392345135778747,0.131794814292521,-0.798399300736264,0.913004483329991,0.103980649629108,-0.528355158645218,"Total",1971,"T1971"
"MLCedag",0.0989072023064127,0.0171161089730009,0.0394069375668453,0.128740785898885,-0.78450667934097,0.900983016270808,0.102511485844099,-0.511886453268794,"Total",1971,"T1971"
