"mu","b","v_closed","v_sim","v_ratio","bprime","bprime_num","bprime_ratio","mu_bprime","inflate"
0.02,3.23273838793859,0.00960759317835053,0.0095492574703461,1.00610892607992,-49.3069097495571,-49.3069097506904,0.999999999977015,-0.986138194991141,3.94474492960267
0.05,2.33723657632612,0.0240001379584278,0.0240597953595093,0.997520452680913,-19.3072030369248,-19.3072030372221,0.999999999984601,-0.96536015184624,3.86264052646508
0.1,1.67870654311727,0.0478705393088197,0.0479177547828695,0.999014655960745,-9.30821730481759,-9.30821730515951,0.999999999963266,-0.930821730481759,3.72807255490057
0.3,0.717618653147545,0.139950243029571,0.140056892203167,0.999238529629512,-2.65125384933035,-2.65125384940612,0.999999999971419,-0.795376154799104,3.22337553722121
0.5,0.341635583484391,0.223017081537404,0.222970344627206,1.00020961043172,-1.33461801445502,-1.33461801451462,0.999999999955339,-0.667309007227508,2.77991932558198
0.6931,0.141615981237007,0.2920678574709,0.29251534988517,0.998470191685852,-0.798094546781599,-0.79809454683956,0.999999999927376,-0.553159330374326,2.41230390552883
0.9234,-8.64941505265837e-06,0.358896542662824,0.358506823206227,1.00108706287125,-0.466654003584893,-0.466654003620023,0.999999999924721,-0.430908306910291,2.04749858278487
1,-0.0328752952813273,0.377405098054623,0.377236712174882,1.00044636662951,-0.393721895596052,-0.393721895631735,0.999999999909371,-0.393721895596052,1.94246072226385
2,-0.187381413397274,0.480456404332171,0.48068407587151,0.999526359305898,-0.0277676261809897,-0.0277676261956072,0.999999999473577,-0.0555352523619794,1.11415466897887
5,-0.119895198030396,0.286791593990279,0.286579650240787,1.00073956315221,0.0245628946684786,0.0245628946671239,1.00000000005515,0.122814473342393,0.769454448177584
10,-0.0552394742191931,0.120616429284009,0.12053105631322,1.00070830683311,0.00618090120388678,0.00618090120418913,0.999999999951085,0.0618090120388678,0.880202329891485
20,-0.0261518264926215,0.0542936607616156,0.0543054900863607,0.999782170739527,0.0013717428041387,0.00137174280490093,0.999999999444329,0.0274348560827739,0.945882959162735
50,-0.0101730294160585,0.020630739518511,0.0206514228375772,0.998998455494865,0.000207056310856508,0.000207056311207765,0.999999998303567,0.0103528155428254,0.979401549704013
100,-0.00504243841522278,0.010153706958608,0.0101521504897113,1.0001533142065,5.08567120218826e-05,5.08567126189519e-05,0.999999988259775,0.00508567120218826,0.9898545216472
300,-0.00167132433561523,0.0033501341979516,0.003347732610213,1.00071737740681,5.58670102942431e-06,5.58670087968949e-06,1.00000002680201,0.00167601030882729,0.996650788392901
