"N","估計量","alpha中位","alpha最大","SSE_beta","e0偏誤","e0標準差","e0均方根"
10000,"標準 Lee-Carter",0.1799,2.3309,8.4702,-3.734,0.825,3.698
10000,"Firth",0.0129,0.156,20.8896,-1.048,1.064,1.517
10000,"中心化＋加權",0.0471,0.5064,2.6644,-1.153,1.332,1.802
10000,"甲 修勻（僅）λ=0.3",0.1062,2.3605,1.7768,-3.432,1.007,3.484
10000,"甲 修勻（僅）λ=1",0.1043,2.3462,1.3014,-3.149,1.051,3.398
10000,"甲 修勻（僅）λ=3",0.0895,2.2646,1.0728,-2.873,1.074,3.221
10000,"甲 修勻（僅）λ=10",0.1118,2.1496,0.914,-2.754,1.074,2.993
10000,"乙 修勻→中心化＋加權 λ=0.3",0.0891,0.9067,1.5441,-0.474,1.449,1.528
10000,"乙 修勻→中心化＋加權 λ=1",0.1081,1.4637,1.3767,-0.339,1.449,1.489
10000,"乙 修勻→中心化＋加權 λ=3",0.1414,2.2122,1.2296,-0.2,1.458,1.476
10000,"乙 修勻→中心化＋加權 λ=10",0.2256,4.1166,1.1106,-0.241,1.47,1.49
10000,"丙 中心化＋加權（μ̂ 修勻）λ=0.3",0.0507,0.3278,2.6707,-1.161,1.331,1.777
10000,"丙 中心化＋加權（μ̂ 修勻）λ=1",0.0549,0.3764,2.7005,-1.052,1.334,1.718
10000,"丙 中心化＋加權（μ̂ 修勻）λ=3",0.063,0.7598,2.6974,-0.928,1.345,1.67
10000,"丙 中心化＋加權（μ̂ 修勻）λ=10",0.074,1.0519,2.7014,-0.798,1.362,1.633
50000,"標準 Lee-Carter",0.069,0.8598,5.4596,-1.335,0.662,1.421
50000,"Firth",0.0071,0.076,1.4968,-0.091,0.548,0.556
50000,"中心化＋加權",0.0235,0.0739,1.122,0.203,0.698,0.712
50000,"甲 修勻（僅）λ=0.3",0.0361,0.8223,0.8502,-1.11,0.862,1.381
50000,"甲 修勻（僅）λ=1",0.0512,0.7424,0.8167,-1.165,0.842,1.382
50000,"甲 修勻（僅）λ=3",0.0628,0.7135,0.7801,-1.156,0.82,1.373
50000,"甲 修勻（僅）λ=10",0.0434,0.7135,0.7071,-1.053,0.816,1.324
50000,"乙 修勻→中心化＋加權 λ=0.3",0.0428,0.672,1.0259,0.202,0.67,0.677
50000,"乙 修勻→中心化＋加權 λ=1",0.0595,2.1845,1.0118,0.244,0.667,0.678
50000,"乙 修勻→中心化＋加權 λ=3",0.0703,5.1691,0.9973,0.216,0.667,0.684
50000,"乙 修勻→中心化＋加權 λ=10",0.0774,11.0718,0.9444,0.303,0.672,0.704
50000,"丙 中心化＋加權（μ̂ 修勻）λ=0.3",0.0298,0.1705,1.1219,0.216,0.698,0.713
50000,"丙 中心化＋加權（μ̂ 修勻）λ=1",0.0307,0.1593,1.121,0.238,0.698,0.717
50000,"丙 中心化＋加權（μ̂ 修勻）λ=3",0.0313,0.2899,1.12,0.26,0.699,0.723
50000,"丙 中心化＋加權（μ̂ 修勻）λ=10",0.0344,0.5233,1.1201,0.294,0.7,0.736
