"N","年齡段","平均期望死亡數","alpha_標準LC","alpha_Firth","alpha_中心化","alpha_中心化加權","alpha_改善倍數","beta_標準LC","beta_Firth","beta_中心化","beta_中心化加權","beta_改善倍數"
10000,"0-14 歲",0.1,1.942,0.6133,0.5878,0.5912,3.28,0.1883,1.1853,0.1883,0.0688,2.74
10000,"15-34 歲",0.22,1.0875,0.5547,0.3762,0.38,2.86,0.3189,0.9322,0.3189,0.0761,4.19
10000,"35-59 歲",1.61,0.2305,0.2117,0.2075,0.2028,1.14,1.2555,0.4475,1.2555,0.7111,1.77
10000,"60-84 歲",8.88,0.1128,0.0749,0.0768,0.1403,0.8,0.6355,0.2751,0.6355,0.5151,1.23
10000,"85 歲以上",7.81,0.1154,0.1128,0.1136,0.1225,0.94,0.4963,0.2343,0.4963,0.3476,1.43
50000,"0-14 歲",0.5,0.6452,0.4139,0.348,0.3493,1.85,0.8718,0.4322,0.8718,0.064,13.61
50000,"15-34 歲",1.1,0.2126,0.2132,0.2164,0.2162,0.98,1.4456,0.1559,1.4456,0.0427,33.87
50000,"35-59 歲",8.03,0.1307,0.0782,0.0872,0.0837,1.56,0.7645,0.0653,0.7645,0.0286,26.72
50000,"60-84 歲",44.41,0.0357,0.0314,0.0317,0.0626,0.57,0.2658,0.0703,0.2658,0.0725,3.67
50000,"85 歲以上",39.03,0.0677,0.0462,0.0483,0.0506,1.34,0.297,0.0462,0.297,0.037,8.03
