"N","估計量","alpha中位","alpha最大","SSE_beta","cor_beta","漂移偏誤","發散率"
10000,"A  標準 LC",0.1612,2.3309,7.9159,-0.074,0.3436,0
10000,"B  卜瓦松 MLE",0.0495,13.0317,15.5245,0.118,0.1612,0
10000,"C  Firth",0.0248,0.4267,17.7966,0.116,0.2237,0
10000,"D  解析校正 shrink=1.0",0.0693,0.5008,18.0481,-0.078,0.3544,0
10000,"E  解析校正 shrink=0.8",0.0741,1.6943,13.8269,-0.09,0.3665,0
10000,"F  解析校正 shrink=0.6",0.0929,1.9948,12.1349,-0.084,0.3584,0
10000,"G  解析校正 + 加權 SVD",0.1749,0.7399,2.5368,0.111,0.1884,0
50000,"A  標準 LC",0.0611,0.8658,4.4494,0.037,0.3339,0
50000,"B  卜瓦松 MLE",0.0073,0.226,1.7564,0.365,0.0492,0
50000,"C  Firth",0.0088,0.068,1.4102,0.397,0.0485,0
50000,"D  解析校正 shrink=1.0",0.0093,0.2434,8.8335,0.198,0.3335,0
50000,"E  解析校正 shrink=0.8",0.0221,0.4598,7.6465,0.072,0.3282,0
50000,"F  解析校正 shrink=0.6",0.0262,0.6378,7.989,0.056,0.3357,0
50000,"G  解析校正 + 加權 SVD",0.011,0.2524,1.023,0.179,0.1381,0
2e+05,"A  標準 LC",0.0231,0.1846,1.4004,0.379,0.2117,0
2e+05,"B  卜瓦松 MLE",0.0018,0.0361,0.3464,0.596,0.0267,0
2e+05,"C  Firth",0.0025,0.0398,0.3333,0.605,0.0262,0
2e+05,"D  解析校正 shrink=1.0",0.0032,0.1778,3.4987,0.438,0.2747,0
2e+05,"E  解析校正 shrink=0.8",0.0044,0.0978,2.3256,0.412,0.2542,0
2e+05,"F  解析校正 shrink=0.6",0.0095,0.1073,2.0207,0.407,0.2528,0
2e+05,"G  解析校正 + 加權 SVD",0.0071,0.2897,0.8316,0.213,0.1106,0
