"N","estimator","age","mid","nrep","bias_a","se_a","bias_b","se_b","true_a","true_b","t_a","t_b"
10000,"svd","0",0.5,1000,0.648579782408314,0.0810800516023098,-0.171813330609126,1.64755566420712,-5.45110163120714,0.0469011555088597,7.99925221544675,-0.104283778898487
10000,"svd","1-4",3,1000,1.86032600145921,0.0429793672768544,-0.237679177961598,1.08401334373286,-8.35609607853327,0.110675808277358,43.2841644567682,-0.219258535271471
10000,"svd","5-9",7.5,1000,2.17088589267664,0.0385125021199677,-0.294546129760915,2.24293792659916,-9.01766599546062,0.0784767136680064,56.3683420494015,-0.131321569923034
10000,"svd","10-14",12.5,1000,2.03536529153376,0.0392546926632278,-0.258892224197099,1.89134199282161,-8.97039257582296,0.0422887499214844,51.8502414219743,-0.136882819278426
10000,"svd","15-19",17.5,1000,1.31028861367989,0.0563688772618959,-0.236600638837803,2.22578375696019,-8.29682640500956,0.0520233944118369,23.2448946533412,-0.10629992158849
10000,"svd","20-24",22.5,1000,0.962107383487239,0.0686770830998957,-0.167150581478521,1.3069292511046,-8.02520213588412,0.0438271188339472,14.0091474486152,-0.127895661786778
10000,"svd","25-29",27.5,1000,0.744820793054607,0.0791837332640604,-0.120372970546961,1.37233012271857,-7.83699538879676,0.0505899039281294,9.40623487112931,-0.0877142959658306
10000,"svd","30-34",32.5,1000,0.474627127152677,0.0885534239421686,-0.0649157589714588,1.24226525639755,-7.52476319010437,0.0468341571333686,5.35978289741389,-0.0522559563162125
10000,"svd","35-39",37.5,1000,0.202274180748086,0.103199426439276,-0.0528114491621707,1.79718270950291,-7.16673672016926,0.0394017280956176,1.96003202466544,-0.0293856873221188
10000,"svd","40-44",42.5,1000,-0.0140115529918763,0.126663663797869,0.0230934678913133,2.45175505609716,-6.75402026895997,0.0329677363497863,-0.110620146076274,0.00941915785342554
10000,"svd","45-49",47.5,1000,-0.137754490982498,0.134344315787316,-0.0915890107051625,4.15861657350035,-6.34155460245041,0.025950079978389,-1.02538384430482,-0.0220239132621142
10000,"svd","50-54",52.5,1000,-0.185639412437765,0.145013960857307,-0.0992895582491206,5.83352697651726,-5.93101826830349,0.0287499471299496,-1.28014855494109,-0.0170205021162684
10000,"svd","55-59",57.5,1000,-0.179665884419995,0.138831342385681,0.330499005254725,3.34142558913285,-5.5431915265717,0.0445772840877155,-1.29413057118524,0.0989095810870637
10000,"svd","60-64",62.5,1000,-0.170996199504962,0.131670509515868,0.319295833169402,3.95204072826852,-5.10551938327063,0.0562673346856074,-1.29866740953376,0.0807926474252944
10000,"svd","65-69",67.5,1000,-0.151561128626261,0.120114799489973,0.170428797311531,1.66260872245215,-4.62531761703246,0.0678324947554817,-1.26180228639447,0.102506858655336
10000,"svd","70-74",72.5,1000,-0.109855156359073,0.104953535317547,0.132292953290271,2.51218487488563,-4.07182736488224,0.0650219890413153,-1.04670277210477,0.0526605165936659
10000,"svd","75-79",77.5,1000,-0.0807603041542642,0.0888887504408831,0.069562616659545,0.936083998715548,-3.49607909020242,0.0514850010931134,-0.908554836846032,0.074312365936172
10000,"svd","80-84",82.5,1000,-0.0663372455390094,0.0784816735661011,-0.0163833874818896,1.27094160208062,-2.88002144208942,0.0428678086215171,-0.845257784712465,-0.0128907476591125
10000,"svd","85-89",87.5,1000,-0.0719594355728463,0.0827770383835747,0.0546852157569676,1.05581202637936,-2.28563093161235,0.0324055997576375,-0.869316382634983,0.0517944618839933
10000,"svd","90-94",92.5,1000,-0.121113649653065,0.110211166106952,-0.0078901162956348,2.38277826983005,-1.74976839172068,0.0223293502930381,-1.0989235839818,-0.00331130948923652
10000,"svd","95-99",97.5,1000,-0.109589179843114,0.132674505654233,0.108009504736274,2.03050252828479,-1.30567837065216,0.0127171967751866,-0.826000287717048,0.0531934844855931
10000,"svd","100+",102.5,1000,0.676868095391712,0.0877499332377161,0.61206694018743,5.57702820800086,-0.884547892930226,0.0058094476526544,7.71360239737237,0.10974786523571
20000,"svd","0",0.5,1000,0.184000139795,0.108216290631339,-0.0206649539630424,2.58543128690379,-5.45110163120714,0.0469011555088597,1.70029982289667,-0.00799284593936742
20000,"svd","1-4",3,1000,1.23310580747123,0.0605920564147917,-0.143635947545456,0.70342203487412,-8.35609607853327,0.110675808277358,20.3509482997214,-0.204195974001809
20000,"svd","5-9",7.5,1000,1.51971337755246,0.0489552873402541,-0.145379929291345,0.691004120546902,-9.01766599546062,0.0784767136680064,31.042885459746,-0.210389381146212
20000,"svd","10-14",12.5,1000,1.3911743667273,0.0541962086346332,-0.108893825380569,1.59329124239904,-8.97039257582296,0.0422887499214844,25.6692193379427,-0.0683452105194563
20000,"svd","15-19",17.5,1000,0.723583867985298,0.0789534685989123,-0.0702348294149192,0.735166843798166,-8.29682640500956,0.0520233944118369,9.1646875156447,-0.0955359045465897
20000,"svd","20-24",22.5,1000,0.422170710028314,0.0900764339185264,-0.159348814162599,1.21825055584464,-8.02520213588412,0.0438271188339472,4.68680532368948,-0.130801347389592
20000,"svd","25-29",27.5,1000,0.255085745479095,0.104689927519095,-0.114452375637662,1.16400136251203,-7.83699538879676,0.0505899039281294,2.43658345672814,-0.0983266680982772
20000,"svd","30-34",32.5,1000,0.0597864872904355,0.116957835076142,-0.121962917835287,2.48277441633091,-7.52476319010437,0.0468341571333686,0.511179838883928,-0.0491236404858423
20000,"svd","35-39",37.5,1000,-0.0957361146481901,0.136550901674541,0.0668644582584679,1.98028837177124,-7.16673672016926,0.0394017280956176,-0.701102032093278,0.0337650107992412
20000,"svd","40-44",42.5,1000,-0.180220928418927,0.144501802592084,0.12850355758047,2.66502326612967,-6.75402026895997,0.0329677363497863,-1.24718809859885,0.0482185499892811
20000,"svd","45-49",47.5,1000,-0.188183669441105,0.133631903372254,0.189832249329106,1.89881454931113,-6.34155460245041,0.025950079978389,-1.40822411933239,0.0999740861465254
20000,"svd","50-54",52.5,1000,-0.141863987724235,0.12065214348571,0.0245975542936534,2.34813268538949,-5.93101826830349,0.0287499471299496,-1.17580992451276,0.0104753681283446
20000,"svd","55-59",57.5,1000,-0.124940048831546,0.108540968608653,-0.0224447496064107,1.93722183065049,-5.5431915265717,0.0445772840877155,-1.15108654762442,-0.0115860503176727
20000,"svd","60-64",62.5,1000,-0.0920087317461151,0.0935006471756728,0.0828167303531442,2.16934271117509,-5.10551938327063,0.0562673346856074,-0.984043795688872,0.0381759552912153
20000,"svd","65-69",67.5,1000,-0.0720548828275183,0.0830636506277353,0.0340594924813507,1.74098537252889,-4.62531761703246,0.0678324947554817,-0.867465880478156,0.0195633421272674
20000,"svd","70-74",72.5,1000,-0.0536179699064059,0.0684660564062282,0.019482936780677,1.23703625517752,-4.07182736488224,0.0650219890413153,-0.783132149283953,0.0157496893879486
20000,"svd","75-79",77.5,1000,-0.0399074333004812,0.0567002937469897,0.0490821579762024,0.816874681143203,-3.49607909020242,0.0514850010931134,-0.703831156123418,0.0600852971810959
20000,"svd","80-84",82.5,1000,-0.0313050078609303,0.0521520428336658,0.0139913274674311,0.610500138257353,-2.88002144208942,0.0428678086215171,-0.600264268856635,0.0229178121193694
20000,"svd","85-89",87.5,1000,-0.0345995855054224,0.0549669459503524,0.0203506734490206,0.634759224007203,-2.28563093161235,0.0324055997576375,-0.629461668412025,0.0320604611628136
20000,"svd","90-94",92.5,1000,-0.0551073837863021,0.0759457688548427,0.00983093398146371,0.68534305115535,-1.74976839172068,0.0223293502930381,-0.725614930459529,0.0143445446260683
20000,"svd","95-99",97.5,1000,-0.136062707429927,0.121981249045633,-0.03748385790572,1.27904317112618,-1.30567837065216,0.0127171967751866,-1.1154395326697,-0.0293061710127547
20000,"svd","100+",102.5,1000,0.242391178468146,0.108533774192541,0.305090128792021,3.85607360279773,-0.884547892930226,0.0058094476526544,2.23332488224485,0.0791193738031004
50000,"svd","0",0.5,1000,-0.150485029411736,0.134447569547075,0.0480508965271835,4.92663013638703,-5.45110163120714,0.0469011555088597,-1.11928411884787,0.00975329894815728
50000,"svd","1-4",3,1000,0.502600145003226,0.0950911524399123,-0.0993191821726085,1.05718387951252,-8.35609607853327,0.110675808277358,5.28545645001848,-0.0939469321253802
50000,"svd","5-9",7.5,1000,0.737539955108106,0.0784297110699254,-0.09819530689153,1.04668299442733,-9.01766599546062,0.0784767136680064,9.40383363710903,-0.0938157086857567
50000,"svd","10-14",12.5,1000,0.625234258202454,0.0788369569904573,-0.0474367481565922,1.02725805249923,-8.97039257582296,0.0422887499214844,7.93072541191734,-0.0461780251234661
50000,"svd","15-19",17.5,1000,0.113057239861288,0.116499863612271,0.0276575960126408,3.2959262157497,-8.29682640500956,0.0520233944118369,0.970449546941613,0.00839144877712311
50000,"svd","20-24",22.5,1000,-0.0578290085616668,0.1335502852219,0.0981995335205016,4.13556301699572,-8.02520213588412,0.0438271188339472,-0.43301299181489,0.0237451425880674
50000,"svd","25-29",27.5,1000,-0.131475615924049,0.129319025130591,0.0643249049307707,6.09268647497253,-7.83699538879676,0.0505899039281294,-1.01667651601363,0.0105577244447099
50000,"svd","30-34",32.5,1000,-0.183068192825969,0.13740008246452,0.170441139912075,2.38686639302501,-7.52476319010437,0.0468341571333686,-1.332373238373,0.0714079097221969
50000,"svd","35-39",37.5,1000,-0.179549934820307,0.131725575279726,-0.0085381951413805,2.86338474176462,-7.16673672016926,0.0394017280956176,-1.36306054795376,-0.00298185396354339
50000,"svd","40-44",42.5,1000,-0.124686209215956,0.10963701787906,-0.00386998974315877,1.82482866588373,-6.75402026895997,0.0329677363497863,-1.13726377849402,-0.00212074142384464
50000,"svd","45-49",47.5,1000,-0.0821742219229087,0.085480143699429,0.0196168718204963,2.65391845364081,-6.34155460245041,0.025950079978389,-0.961325266506982,0.00739166336990673
50000,"svd","50-54",52.5,1000,-0.0575007667917173,0.070364668778161,0.0260765387336052,0.788227899242383,-5.93101826830349,0.0287499471299496,-0.817182369933414,0.0330824863705904
50000,"svd","55-59",57.5,1000,-0.041362685877993,0.0639394582970541,-0.0125780013200377,0.560993670782667,-5.5431915265717,0.0445772840877155,-0.646903914728641,-0.0224209326684375
50000,"svd","60-64",62.5,1000,-0.0340867204127671,0.0546349253961319,-0.0744571326157969,1.18692290020259,-5.10551938327063,0.0562673346856074,-0.623899825352014,-0.0627312293014891
50000,"svd","65-69",67.5,1000,-0.0237504102067669,0.0483341732893222,-0.0384971356756968,1.28806131053475,-4.62531761703246,0.0678324947554817,-0.491379257996201,-0.0298876578007878
50000,"svd","70-74",72.5,1000,-0.0175442392406238,0.0391898970622556,-0.0183175401833068,0.57042655956701,-4.07182736488224,0.0650219890413153,-0.447672501225345,-0.0321120043870519
50000,"svd","75-79",77.5,1000,-0.0133400158344585,0.0347863930808211,-0.031753604243904,0.716658300457716,-3.49607909020242,0.0514850010931134,-0.383483731798953,-0.0443078719992828
50000,"svd","80-84",82.5,1000,-0.0112254851268219,0.0311752964734005,-0.0145690254431316,0.4406611448417,-2.88002144208942,0.0428678086215171,-0.360076291059484,-0.0330617428236504
50000,"svd","85-89",87.5,1000,-0.01354633443336,0.0328013474163807,-0.0189592072585824,0.439701427737545,-2.28563093161235,0.0324055997576375,-0.412981035852053,-0.043118366379058
50000,"svd","90-94",92.5,1000,-0.0219537145996096,0.0442532206235899,-0.0276308089540348,0.598253660798097,-1.74976839172068,0.0223293502930381,-0.49609303662538,-0.046185774972399
50000,"svd","95-99",97.5,1000,-0.0730057037670528,0.0822562979510024,-0.10848643207826,1.34977609278999,-1.30567837065216,0.0127171967751866,-0.887539381003266,-0.0803736506060189
50000,"svd","100+",102.5,1000,-0.0736802944553251,0.12866892633675,0.148240828420747,4.64377494121044,-0.884547892930226,0.0058094476526544,-0.572634718832505,0.0319224833885053
1e+05,"svd","0",0.5,1000,-0.163382024484579,0.131402653616412,-0.00277125229066412,5.68711417855836,-5.45110163120714,0.0469011555088597,-1.24336929268963,-0.000487286205913069
1e+05,"svd","1-4",3,1000,0.100129435348698,0.120673216661877,-0.0433229260086207,2.66456108743497,-8.35609607853327,0.110675808277358,0.829756909764479,-0.0162589351818259
1e+05,"svd","5-9",7.5,1000,0.26531049633733,0.101230219446533,-0.061536321178647,2.26865829562347,-9.01766599546062,0.0784767136680064,2.62086260197687,-0.0271245437434797
1e+05,"svd","10-14",12.5,1000,0.171905987652472,0.109754060652148,-0.219701691896044,4.08543402823575,-8.97039257582296,0.0422887499214844,1.56628362204572,-0.053776830167276
1e+05,"svd","15-19",17.5,1000,-0.128321960282316,0.136537984839437,-0.269674292930309,10.0976111621054,-8.29682640500956,0.0520233944118369,-0.939826088932078,-0.0267067416838501
1e+05,"svd","20-24",22.5,1000,-0.174937253121849,0.137328857810428,0.0973188892890043,2.12107846175849,-8.02520213588412,0.0438271188339472,-1.27385646331768,0.0458817960031151
1e+05,"svd","25-29",27.5,1000,-0.175023112969682,0.131742129849905,0.226669327577191,6.32084929526745,-7.83699538879676,0.0505899039281294,-1.3285280355577,0.035860580910686
1e+05,"svd","30-34",32.5,1000,-0.143035906447741,0.1165776244052,0.0154564537190657,1.11014497517401,-7.52476319010437,0.0468341571333686,-1.22695849377217,0.0139229146325172
1e+05,"svd","35-39",37.5,1000,-0.0933659616612639,0.0948871848999058,0.112836632562114,2.12552719817526,-7.16673672016926,0.0394017280956176,-0.983968085466477,0.0530864214106427
1e+05,"svd","40-44",42.5,1000,-0.0583845127032525,0.0703277412255432,-0.019839999406521,0.724239395431994,-6.75402026895997,0.0329677363497863,-0.830177561312706,-0.0273942560038271
1e+05,"svd","45-49",47.5,1000,-0.0387315178067684,0.0571296655150312,0.0445183522575446,2.16417138153006,-6.34155460245041,0.025950079978389,-0.677958070603055,0.0205706223811491
1e+05,"svd","50-54",52.5,1000,-0.026786687238209,0.0487511329712414,0.0277804624443016,1.79659654918,-5.93101826830349,0.0287499471299496,-0.549457737813203,0.0154628274539329
1e+05,"svd","55-59",57.5,1000,-0.0202734352619691,0.0414137293242221,0.026844595362189,0.655623120632052,-5.5431915265717,0.0445772840877155,-0.489534161563942,0.0409451627274974
1e+05,"svd","60-64",62.5,1000,-0.0180596080786941,0.037788137907102,0.00233318671921025,1.77992302912493,-5.10551938327063,0.0562673346856074,-0.477917385691025,0.00131083573897986
1e+05,"svd","65-69",67.5,1000,-0.0143202234200661,0.0338203603490955,0.0250959009262814,1.10993250026896,-4.62531761703246,0.0678324947554817,-0.42342019044895,0.0226102946982812
1e+05,"svd","70-74",72.5,1000,-0.00949180734401889,0.028775270248476,0.0370080147543489,1.17135397792377,-4.07182736488224,0.0650219890413153,-0.329859885313209,0.0315942195543194
1e+05,"svd","75-79",77.5,1000,-0.00566049473826524,0.0245366395669365,0.0416830133396481,1.30480792190349,-3.49607909020242,0.0514850010931134,-0.230695598018762,0.0319457083605376
1e+05,"svd","80-84",82.5,1000,-0.00537084386540165,0.0224966462814556,0.04194296987368,1.74965563841104,-2.88002144208942,0.0428678086215171,-0.238739756948969,0.023972128545118
1e+05,"svd","85-89",87.5,1000,-0.00674332999865435,0.023660688785925,0.0244798374467459,0.787921322001708,-2.28563093161235,0.0324055997576375,-0.285001424077972,0.0310688856401995
1e+05,"svd","90-94",92.5,1000,-0.0118673409186505,0.0323417947966577,-0.0196817501400888,0.664419868658479,-1.74976839172068,0.0223293502930381,-0.36693513743637,-0.0296224587320484
1e+05,"svd","95-99",97.5,1000,-0.0388495394108255,0.0608796239718518,-0.140530666970158,4.26737371894868,-1.30567837065216,0.0127171967751866,-0.638136980425304,-0.0329314178287575
1e+05,"svd","100+",102.5,1000,-0.127962596250181,0.121804088465878,0.0530912645497279,4.01155782000542,-0.884547892930226,0.0058094476526544,-1.05056076410791,0.0132345754272728
2e+05,"svd","0",0.5,1000,-0.0908301043918032,0.0933396552976695,0.0109054337349751,2.35751356227664,-5.45110163120714,0.0469011555088597,-0.973113775727335,0.0046258201477508
2e+05,"svd","1-4",3,1000,-0.121387137206826,0.130025638653029,0.0995175519112039,3.06884531091824,-8.35609607853327,0.110675808277358,-0.933563091589541,0.0324283376412436
2e+05,"svd","5-9",7.5,1000,-0.0527038404826836,0.127047426409774,-0.0237708241880489,2.59470238886665,-9.01766599546062,0.0784767136680064,-0.414835955139263,-0.00916129121013829
2e+05,"svd","10-14",12.5,1000,-0.103923025342166,0.133458624728856,0.164632985911138,5.90178360099954,-8.97039257582296,0.0422887499214844,-0.778690965483145,0.0278954629721183
2e+05,"svd","15-19",17.5,1000,-0.163122374387319,0.132372535850172,0.129546880251704,6.28997521846456,-8.29682640500956,0.0520233944118369,-1.23229772202862,0.0205957695781395
2e+05,"svd","20-24",22.5,1000,-0.132109870239589,0.116641708341969,-0.0719491654506894,3.63970488431391,-8.02520213588412,0.0438271188339472,-1.13261261445408,-0.0197678569382836
2e+05,"svd","25-29",27.5,1000,-0.104938727422499,0.102204879626086,-0.0916663569813367,4.8179404719746,-7.83699538879676,0.0505899039281294,-1.02674870129895,-0.0190260459867757
2e+05,"svd","30-34",32.5,1000,-0.0710584170840045,0.0805373561843914,0.00172578967557287,2.15230941371366,-7.52476319010437,0.0468341571333686,-0.88230382086687,0.000801831588235791
2e+05,"svd","35-39",37.5,1000,-0.0430961448948066,0.0627623054889601,-0.0697247318746625,2.08830423081917,-7.16673672016926,0.0394017280956176,-0.686656498021527,-0.0333882060121633
2e+05,"svd","40-44",42.5,1000,-0.0282424861048014,0.0484081439884448,0.00411631665305667,0.311539058044205,-6.75402026895997,0.0329677363497863,-0.583424270749628,0.0132128429703109
2e+05,"svd","45-49",47.5,1000,-0.019637487079196,0.0405552723718317,-0.00931573029728282,0.20432852072457,-6.34155460245041,0.025950079978389,-0.484215391260337,-0.0455919235564781
2e+05,"svd","50-54",52.5,1000,-0.0122095715297883,0.0339335656812593,-0.0167813145976554,0.511642794010188,-5.93101826830349,0.0287499471299496,-0.35980809221388,-0.0327988878063262
2e+05,"svd","55-59",57.5,1000,-0.0100600017194585,0.0296779420787729,-0.0247013515755101,0.576402455419323,-5.5431915265717,0.0445772840877155,-0.338972348310294,-0.0428543482826427
2e+05,"svd","60-64",62.5,1000,-0.00815159385668363,0.0262727021798668,-0.0301040753968753,0.908591369787517,-5.10551938327063,0.0562673346856074,-0.310268574616978,-0.0331326891250523
2e+05,"svd","65-69",67.5,1000,-0.0072233385851419,0.0224528041755561,-0.0399991776695793,0.992396514534929,-4.62531761703246,0.0678324947554817,-0.321712091223145,-0.0403056410252754
2e+05,"svd","70-74",72.5,1000,-0.0051531834770735,0.0199488532006482,-0.0426930611077101,0.99639995018113,-4.07182736488224,0.0650219890413153,-0.258319785365208,-0.0428473135711711
2e+05,"svd","75-79",77.5,1000,-0.00349311912830652,0.0168808686088788,-0.0347576171142554,0.813178728898156,-3.49607909020242,0.0514850010931134,-0.20692768892646,-0.0427429000280804
2e+05,"svd","80-84",82.5,1000,-0.00376627667878404,0.0153630769586737,-0.0218146999277226,0.481483694044623,-2.88002144208942,0.0428678086215171,-0.245151195227052,-0.0453072454945917
2e+05,"svd","85-89",87.5,1000,-0.00402740213873054,0.0169643185824978,-0.012066663674251,0.239435460090457,-2.28563093161235,0.0324055997576375,-0.237404297681937,-0.0503963100106072
2e+05,"svd","90-94",92.5,1000,-0.00456517837339598,0.0208985843766288,0.000676203094564235,0.29916152491606,-1.74976839172068,0.0223293502930381,-0.218444383175603,0.00226032774352907
2e+05,"svd","95-99",97.5,1000,-0.0182260200854252,0.0376316736692107,-0.00550294746215598,0.164082357977572,-1.30567837065216,0.0127171967751866,-0.484326587375178,-0.0335377156324641
2e+05,"svd","100+",102.5,1000,-0.0969808389627276,0.0959001922817818,0.0837265560855208,2.9180978890526,-0.884547892930226,0.0058094476526544,-1.01126845166035,0.0286921684154687
5e+05,"svd","0",0.5,1000,-0.0330089997726359,0.0560158050173204,-0.00358902686614252,0.0367965367502767,-5.45110163120714,0.0469011555088597,-0.589280110540755,-0.0975370831907309
5e+05,"svd","1-4",3,1000,-0.144160838610274,0.115774721584507,0.056041892634052,0.0687110351211339,-8.35609607853327,0.110675808277358,-1.24518406641166,0.815617062605055
5e+05,"svd","5-9",7.5,1000,-0.169216391734064,0.127153343571214,0.0579737456470248,0.091384356838893,-9.01766599546062,0.0784767136680064,-1.33080567904447,0.634394634403679
5e+05,"svd","10-14",12.5,1000,-0.156673753987587,0.126505364679866,0.016594508652876,0.225524598133033,-8.97039257582296,0.0422887499214844,-1.23847517758686,0.0735818123178172
5e+05,"svd","15-19",17.5,1000,-0.076797130717619,0.0866628756763946,0.00951188742169357,0.0491956209949218,-8.29682640500956,0.0520233944118369,-0.886159501611566,0.193348253956901
5e+05,"svd","20-24",22.5,1000,-0.0517823189218909,0.0681819453129438,-0.00151027633697439,0.0331628310110741,-8.02520213588412,0.0438271188339472,-0.759472594749514,-0.0455412367077485
5e+05,"svd","25-29",27.5,1000,-0.0367546048157861,0.0587738828237659,-0.00395626663843596,0.0316335544873346,-7.83699538879676,0.0505899039281294,-0.625356077392319,-0.125065510422484
5e+05,"svd","30-34",32.5,1000,-0.025240236753941,0.0475118929372782,-0.00658823875995452,0.0212651632101888,-7.52476319010437,0.0468341571333686,-0.5312403946368,-0.309813693637577
5e+05,"svd","35-39",37.5,1000,-0.0176807909976002,0.0378835611842722,-0.00650904485750587,0.0232595514278016,-7.16673672016926,0.0394017280956176,-0.466714069239631,-0.279843954760269
5e+05,"svd","40-44",42.5,1000,-0.0107477327102963,0.0299201174708937,-0.00696155558729487,0.0119439181478183,-6.75402026895997,0.0329677363497863,-0.3592142551162,-0.582853591354062
5e+05,"svd","45-49",47.5,1000,-0.0080949917312525,0.0243224863055705,-0.00526075969902207,0.00905555015621238,-6.34155460245041,0.025950079978389,-0.332819253326028,-0.580943135234365
5e+05,"svd","50-54",52.5,1000,-0.00503227921828486,0.0199326175022993,-0.00562865702091901,0.0108767186680007,-5.93101826830349,0.0287499471299496,-0.252464545497067,-0.517495872857182
5e+05,"svd","55-59",57.5,1000,-0.00421711237844757,0.0185986740522498,-0.00997344339067609,0.0115692329472864,-5.5431915265717,0.0445772840877155,-0.226742635878252,-0.862066088228898
5e+05,"svd","60-64",62.5,1000,-0.00303408963628371,0.0167512393535722,-0.0128429439450172,0.0111892863749066,-5.10551938327063,0.0562673346856074,-0.181126278016957,-1.14778936875001
5e+05,"svd","65-69",67.5,1000,-0.00223977471089754,0.0143850552500483,-0.0148183795637556,0.0176768059876381,-4.62531761703246,0.0678324947554817,-0.155701502146821,-0.838295084197821
5e+05,"svd","70-74",72.5,1000,-0.00148648958876763,0.0124460695864878,-0.014554478628394,0.0144481411339887,-4.07182736488224,0.0650219890413153,-0.119434459082685,-1.00735994294485
5e+05,"svd","75-79",77.5,1000,-0.00102669367244923,0.0103560110725083,-0.0115304601977479,0.0134368185828521,-3.49607909020242,0.0514850010931134,-0.0991398778217561,-0.858124274481382
5e+05,"svd","80-84",82.5,1000,-0.00133312665425089,0.00968959524212253,-0.00973508028410676,0.00664131784851583,-2.88002144208942,0.0428678086215171,-0.137583317046675,-1.46583562271188
5e+05,"svd","85-89",87.5,1000,-0.000987049444665988,0.0101944012543829,-0.0072560409664598,0.0097699598385212,-2.28563093161235,0.0324055997576375,-0.0968226990517592,-0.742688924661751
5e+05,"svd","90-94",92.5,1000,-0.00215871909225007,0.0138529166503513,-0.00507133969727332,0.00707972666661198,-1.74976839172068,0.0223293502930381,-0.155831378094326,-0.716318572182988
5e+05,"svd","95-99",97.5,1000,-0.0052062135822033,0.023427669751402,-0.00339034421703682,0.0103385668744419,-1.30567837065216,0.0127171967751866,-0.22222498598657,-0.32793173930307
5e+05,"svd","100+",102.5,1000,-0.040490626883954,0.0630636938291332,-0.0109456976989297,0.0297369940173791,-0.884547892930226,0.0058094476526544,-0.642059232902859,-0.368083528971782
1e+06,"svd","0",0.5,1000,-0.0176403795466946,0.0367394866588907,-0.00402037073030977,0.012974212487961,-5.45110163120714,0.0469011555088597,-0.480147687159526,-0.309873969926139
1e+06,"svd","1-4",3,1000,-0.0775098923026647,0.0900991773031212,0.0273294528338969,0.0398891589499671,-8.35609607853327,0.110675808277358,-0.860273030483926,0.685134847495185
1e+06,"svd","5-9",7.5,1000,-0.106989368440459,0.100621281535255,0.045485012959177,0.0503157537931173,-9.01766599546062,0.0784767136680064,-1.06328767441679,0.903991484380761
1e+06,"svd","10-14",12.5,1000,-0.0916893921778446,0.0933165173209256,0.0233450453942753,0.0505627298281894,-8.97039257582296,0.0422887499214844,-0.982563374740131,0.461704608782022
1e+06,"svd","15-19",17.5,1000,-0.0385804551294502,0.060011347396142,0.000508493146306598,0.0208905791032442,-8.29682640500956,0.0520233944118369,-0.642886000788751,0.0243407874809766
1e+06,"svd","20-24",22.5,1000,-0.0244561818555802,0.0459446401018148,-0.00180476500270813,0.0160846883537439,-8.02520213588412,0.0438271188339472,-0.532296733664351,-0.112203914867151
1e+06,"svd","25-29",27.5,1000,-0.0192844537705499,0.0391671407899826,-0.00420252736689861,0.0135340341004994,-7.83699538879676,0.0505899039281294,-0.492363072248615,-0.310515500086078
1e+06,"svd","30-34",32.5,1000,-0.0131415843315468,0.0311530995555687,-0.00467713350868248,0.0112362502478329,-7.52476319010437,0.0468341571333686,-0.421838742180557,-0.41625394642528
1e+06,"svd","35-39",37.5,1000,-0.00839637456934827,0.0268794284886434,-0.00479064079418538,0.00882996797089197,-7.16673672016926,0.0394017280956176,-0.312371766866091,-0.542543394265727
1e+06,"svd","40-44",42.5,1000,-0.00477130218624477,0.0217177603408827,-0.00420259139525154,0.00702672643128989,-6.75402026895997,0.0329677363497863,-0.219695866947339,-0.598086667575028
1e+06,"svd","45-49",47.5,1000,-0.00357643353909154,0.017480078410046,-0.00370091217290321,0.00591673355721793,-6.34155460245041,0.025950079978389,-0.204600543269653,-0.625499211197098
1e+06,"svd","50-54",52.5,1000,-0.00192236049802297,0.0149930477272343,-0.00441047912305323,0.00518813147015546,-5.93101826830349,0.0287499471299496,-0.128216793076105,-0.850109359877319
1e+06,"svd","55-59",57.5,1000,-0.00205398753452002,0.0132188419817895,-0.00664096595527493,0.00549353789317146,-5.5431915265717,0.0445772840877155,-0.155383318550114,-1.2088686897982
1e+06,"svd","60-64",62.5,1000,-0.00132064923800446,0.0115423916941931,-0.00851460430259703,0.00523741955214227,-5.10551938327063,0.0562673346856074,-0.114417295218708,-1.6257250766008
1e+06,"svd","65-69",67.5,1000,-0.000879305012603027,0.0103962718840572,-0.0101951459369897,0.0055264709653651,-4.62531761703246,0.0678324947554817,-0.0845788781218248,-1.84478413093702
1e+06,"svd","70-74",72.5,1000,-0.000906788421789706,0.00889838853516004,-0.00989323368475335,0.00528419965554673,-4.07182736488224,0.0650219890413153,-0.101904790761465,-1.87222934969321
1e+06,"svd","75-79",77.5,1000,-0.000883686578668996,0.00731639046686157,-0.00780216717709749,0.00442982348512015,-3.49607909020242,0.0514850010931134,-0.12078176836946,-1.76128173127103
1e+06,"svd","80-84",82.5,1000,-0.000339089127905812,0.00684728129636307,-0.00651933655585214,0.00376639399267262,-2.88002144208942,0.0428678086215171,-0.0495217171939349,-1.73092261949633
1e+06,"svd","85-89",87.5,1000,-0.000667722984875496,0.00707097136009494,-0.005126601821374,0.00335575313583026,-2.28563093161235,0.0324055997576375,-0.0944315781907694,-1.52770529114192
1e+06,"svd","90-94",92.5,1000,-0.000932706437997588,0.00935929350217689,-0.00345708604122648,0.00343947768274887,-1.74976839172068,0.0223293502930381,-0.0996556457793153,-1.00511948618417
1e+06,"svd","95-99",97.5,1000,-0.00316310493982686,0.0161749943682306,-0.00262380792393719,0.00621350103684563,-1.30567837065216,0.0127171967751866,-0.195555242111214,-0.422275285443455
1e+06,"svd","100+",102.5,1000,-0.0176849401130159,0.0409759882393887,-0.00408563484056112,0.015327012189659,-0.884547892930226,0.0058094476526544,-0.431592766224392,-0.266564336871714
2e+06,"svd","0",0.5,1000,-0.00806986399633214,0.0258922283870025,-0.00126017917851674,0.00866551820988508,-5.45110163120714,0.0469011555088597,-0.311671281270757,-0.145424560654573
2e+06,"svd","1-4",3,1000,-0.0332144315676199,0.058084305291959,0.0122200582581943,0.0211105612032132,-8.35609607853327,0.110675808277358,-0.571831433649221,0.57885994316126
2e+06,"svd","5-9",7.5,1000,-0.0510341311886595,0.0664713614764829,0.0189326528983359,0.0263892803224725,-9.01766599546062,0.0784767136680064,-0.767761183990718,0.717437257362919
2e+06,"svd","10-14",12.5,1000,-0.0443753877041591,0.0602600321429229,0.00999535254349523,0.0241580382415461,-8.97039257582296,0.0422887499214844,-0.736398341091337,0.413748518963166
2e+06,"svd","15-19",17.5,1000,-0.0187572878319706,0.038994998490402,0.00135076383965832,0.0132736918448952,-8.29682640500956,0.0520233944118369,-0.481017785821621,0.101762482920515
2e+06,"svd","20-24",22.5,1000,-0.0125389766903492,0.031319414198451,-0.000242557649959549,0.0106585320869965,-8.02520213588412,0.0438271188339472,-0.400357957236932,-0.0227571346579208
2e+06,"svd","25-29",27.5,1000,-0.00946030690780475,0.0275171062972846,-0.00112717717451592,0.00906746105417415,-7.83699538879676,0.0505899039281294,-0.343797302143587,-0.124310120306172
2e+06,"svd","30-34",32.5,1000,-0.00540247109577141,0.0228207375813558,-0.00219759299035019,0.00751160588646681,-7.52476319010437,0.0468341571333686,-0.236735165833779,-0.292559676794206
2e+06,"svd","35-39",37.5,1000,-0.00437634929383357,0.0181716959916176,-0.00226204288256709,0.006145949411459,-7.16673672016926,0.0394017280956176,-0.240833287979962,-0.368054263243617
2e+06,"svd","40-44",42.5,1000,-0.00216294822281249,0.0152221328155627,-0.00193084047633784,0.00480873404753962,-6.75402026895997,0.0329677363497863,-0.142092323659214,-0.401527815273076
2e+06,"svd","45-49",47.5,1000,-0.00164292308677005,0.0119959243925254,-0.00146682616311185,0.0041225675153242,-6.34155460245041,0.025950079978389,-0.136956772401279,-0.355804036600842
2e+06,"svd","50-54",52.5,1000,-0.00181610457343151,0.0101318132386638,-0.00188441622281335,0.00360071041299047,-5.93101826830349,0.0287499471299496,-0.179247734897156,-0.523345675346411
2e+06,"svd","55-59",57.5,1000,-0.00134781056715472,0.00910384820333275,-0.00305599245176318,0.00355101084708529,-5.5431915265717,0.0445772840877155,-0.148048444685326,-0.860597892645576
2e+06,"svd","60-64",62.5,1000,-0.00119964258991168,0.00829805151157727,-0.00393290623470419,0.00359050310301129,-5.10551938327063,0.0562673346856074,-0.144569190518757,-1.0953635526469
2e+06,"svd","65-69",67.5,1000,-0.000729890848649717,0.00717875154009554,-0.00466630442157714,0.00373065075062984,-4.62531761703246,0.0678324947554817,-0.101673786113512,-1.25080173232226
2e+06,"svd","70-74",72.5,1000,-0.000818794025570391,0.00630932356024929,-0.00446051339241278,0.00337597686734609,-4.07182736488224,0.0650219890413153,-0.129775247338565,-1.32125117193687
2e+06,"svd","75-79",77.5,1000,-0.000511493042826494,0.00538650885489754,-0.00360924003460701,0.00285891318617516,-3.49607909020242,0.0514850010931134,-0.0949581735786868,-1.26245177785048
2e+06,"svd","80-84",82.5,1000,-0.000412188460527485,0.00485649198746621,-0.00306617933431747,0.00252343944566991,-2.88002144208942,0.0428678086215171,-0.0848737034038714,-1.21507941852097
2e+06,"svd","85-89",87.5,1000,-0.000515434103188994,0.00503724001186433,-0.00229497001046309,0.00218901869941569,-2.28563093161235,0.0324055997576375,-0.102324705984821,-1.04840128185094
2e+06,"svd","90-94",92.5,1000,-0.000191046604299361,0.00661280969722852,-0.00151654370582987,0.00249340160603305,-1.74976839172068,0.0223293502930381,-0.0288903829153635,-0.608222799793034
2e+06,"svd","95-99",97.5,1000,-0.00216510077135479,0.0116823936566032,-0.00126955651681647,0.00435933527158409,-1.30567837065216,0.0127171967751866,-0.185330235822949,-0.291227088013154
2e+06,"svd","100+",102.5,1000,-0.0105113182615003,0.028201677079229,-0.00225498869902005,0.0106639818462529,-0.884547892930226,0.0058094476526544,-0.37271961635367,-0.211458415020877
5e+06,"svd","0",0.5,1000,-0.00313454976066296,0.0161254934907481,-0.000249054537321547,0.00515609885063962,-5.45110163120714,0.0469011555088597,-0.194384733866371,-0.0483029019683459
5e+06,"svd","1-4",3,1000,-0.012870144419205,0.0346990468758815,0.00481367227167952,0.0107122627249612,-8.35609607853327,0.110675808277358,-0.370907721622484,0.449360923576203
5e+06,"svd","5-9",7.5,1000,-0.0186071269260424,0.0402309650789013,0.00629231677891068,0.0126387489344175,-9.01766599546062,0.0784767136680064,-0.462507595568487,0.49785914820854
5e+06,"svd","10-14",12.5,1000,-0.0144040430884917,0.0353653783114721,0.00283013786656339,0.0122477373242883,-8.97039257582296,0.0422887499214844,-0.407292209958327,0.231074343907669
5e+06,"svd","15-19",17.5,1000,-0.00705253703924846,0.0243563680981375,0.000444357848334506,0.00778829283001357,-8.29682640500956,0.0520233944118369,-0.28955618550484,0.0570545892447821
5e+06,"svd","20-24",22.5,1000,-0.00490283741774888,0.0197024126136201,-0.000118496876418593,0.0064116061238567,-8.02520213588412,0.0438271188339472,-0.248844520409627,-0.0184816213175795
5e+06,"svd","25-29",27.5,1000,-0.0040448648785949,0.0173099205921834,-0.000545693955323619,0.00539767607678071,-7.83699538879676,0.0505899039281294,-0.233673219761704,-0.101097944293293
5e+06,"svd","30-34",32.5,1000,-0.00266138609833177,0.0143252959377138,-0.000420447204060745,0.00481715548876335,-7.52476319010437,0.0468341571333686,-0.185782277022649,-0.0872812191845361
5e+06,"svd","35-39",37.5,1000,-0.00130552685194285,0.0112728617241279,-0.000638562413036683,0.00394863313864719,-7.16673672016926,0.0394017280956176,-0.115811484598322,-0.161717331191587
5e+06,"svd","40-44",42.5,1000,-0.0016989708957178,0.00926129353207472,-0.00059624700202629,0.00302496723200422,-6.75402026895997,0.0329677363497863,-0.183448552821886,-0.197108582108918
5e+06,"svd","45-49",47.5,1000,-0.000903929747914312,0.00756722828524342,-0.000599705803676891,0.00265879934467337,-6.34155460245041,0.025950079978389,-0.119453215079692,-0.2255551194107
5e+06,"svd","50-54",52.5,1000,-0.000562819524840386,0.00677742574040603,-0.000627435045458605,0.00222322848124396,-5.93101826830349,0.0287499471299496,-0.0830432595498519,-0.2822179774827
5e+06,"svd","55-59",57.5,1000,-0.000516270340856551,0.00604600969301452,-0.0010003137544637,0.00225763899220466,-5.5431915265717,0.0445772840877155,-0.0853902601997219,-0.443079587975602
5e+06,"svd","60-64",62.5,1000,-0.000333280612939468,0.0052095528510734,-0.00133447227617452,0.00228981954230342,-5.10551938327063,0.0562673346856074,-0.0639748981279262,-0.582784910129696
5e+06,"svd","65-69",67.5,1000,-0.000382575688860243,0.00435266398099428,-0.00159522164609473,0.00226272996725855,-4.62531761703246,0.0678324947554817,-0.0878946067352643,-0.704998682643271
5e+06,"svd","70-74",72.5,1000,-0.000160360960460793,0.00385689531506546,-0.00156691283512789,0.00205146640320554,-4.07182736488224,0.0650219890413153,-0.0415777321812197,-0.763801363102749
5e+06,"svd","75-79",77.5,1000,-5.50204004965416e-05,0.00351734092689322,-0.00126228811301092,0.00180934153379715,-3.49607909020242,0.0514850010931134,-0.0156426123142802,-0.697650548242176
5e+06,"svd","80-84",82.5,1000,-0.000248256160028326,0.00317686922725966,-0.00103650326197144,0.00158441961202576,-2.88002144208942,0.0428678086215171,-0.0781449100573994,-0.654184822066307
5e+06,"svd","85-89",87.5,1000,-5.96112975261853e-05,0.00326769941673014,-0.000758550166747203,0.00141457533606589,-2.28563093161235,0.0324055997576375,-0.0182425890279211,-0.536238790121158
5e+06,"svd","90-94",92.5,1000,-2.88319328973774e-05,0.00416006770455221,-0.000552537995137464,0.0015575420747523,-1.74976839172068,0.0223293502930381,-0.00693064030324018,-0.354749964122373
5e+06,"svd","95-99",97.5,1000,-0.000371646219627042,0.00753358549333359,-0.000287376439317628,0.00275831214136123,-1.30567837065216,0.0127171967751866,-0.0493319177111495,-0.104185612283825
5e+06,"svd","100+",102.5,1000,-0.00413545127938508,0.0166047503711636,-0.00119066544011964,0.00671919469702043,-0.884547892930226,0.0058094476526544,-0.249052300513162,-0.17720359266381
