"N","年齡","零格比例","期望死亡","A  標準 LC（對照）","H1 M-q c=3.0","H2 M-q c=1.345（Huber 標準）","H3 M-q c=0.7","H4 M-q c=0（分位數極限）","I1 M-q tau=0.3","I2 M-q tau=0.4","I3 M-q tau=0.6","I4 M-q tau=0.7","J1 只壓右尾 c+=1.345","J2 只壓左尾 c-=1.345","K1 M-q c=1.345 + 資訊加權","K2 M-q c=0 + 資訊加權（≈G）","L1 HU 逐年降權 lambda=3","L2 HU 逐年剔除 2 年","L3 HU 逐年剔除 4 年"
10000,"0",1,0.2,0.9577,0.942,0.8622,0.8018,0.7844,0.8157,0.8339,0.9293,1.0267,0.8872,0.9577,0.8604,0.7844,0.9515,0.9419,0.923
10000,"1-4",1,0.1,2.1785,2.1785,2.1396,2.1245,2.1207,2.1269,2.1326,2.1519,2.1919,2.1445,2.1785,2.1384,2.1207,2.1724,2.1522,2.1554
10000,"5-9",1,0.1,2.3309,2.3309,2.3156,2.3053,2.302,2.307,2.3105,2.3249,2.3461,2.3188,2.3309,2.3151,2.302,2.331,2.3335,2.3366
10000,"10-14",1,0.1,2.3057,2.3057,2.2789,2.2665,2.2623,2.2681,2.2737,2.2955,2.3234,2.2843,2.3057,2.2785,2.2623,2.3015,2.2938,2.297
10000,"15-19",1,0.1,1.6423,1.6423,1.6155,1.592,1.5845,1.5954,1.6036,1.6363,1.6777,1.6221,1.6423,1.6151,1.5845,1.6434,1.6476,1.6539
10000,"20-24",1,0.2,1.1953,1.1953,1.1424,1.0928,1.0798,1.1032,1.1184,1.179,1.2638,1.1535,1.1953,1.1402,1.0798,1.1971,1.2058,1.1838
10000,"25-29",1,0.2,0.878,0.8548,0.7806,0.7217,0.7047,0.7345,0.7537,0.837,0.9417,0.7985,0.878,0.7811,0.7047,0.878,0.8622,0.8535
10000,"30-34",1,0.4,0.5977,0.5808,0.4745,0.3777,0.3498,0.3981,0.4252,0.5831,0.6865,0.5067,0.5979,0.4648,0.3498,0.5977,0.6019,0.5577
10000,"35-39",1,0.5,0.2979,0.276,0.1866,0.0221,-0.0404,0.0317,0.0852,0.3208,0.4504,0.1855,0.3303,0.165,-0.0407,0.2981,0.2723,0.2692
10000,"40-44",0,1,-0.0455,-0.0657,-0.0762,-0.0182,-0.0025,-0.3402,-0.2245,0.0311,0.1558,-0.1734,0.0628,-0.1007,0.0034,-0.0449,-0.0535,-0.0559
10000,"45-49",0,1.5,-0.1337,-0.1267,-0.1418,-0.1474,-0.1406,-0.4136,-0.2796,-2e-04,0.1442,-0.2679,0.0041,-0.1822,-0.139,-0.1344,-0.1327,-0.1352
10000,"50-54",0,2,-0.2231,-0.2093,-0.2042,-0.2044,-0.1993,-0.4894,-0.3473,-0.0644,0.0724,-0.3596,-0.0504,-0.1933,-0.2048,-0.2231,-0.2243,-0.2038
10000,"55-59",0,3,-0.1886,-0.175,-0.1436,-0.1515,-0.1569,-0.4244,-0.2883,-0.0111,0.0817,-0.3404,-0.0303,-0.1212,-0.1097,-0.1875,-0.1868,-0.1824
10000,"60-64",0,4.7,-0.1255,-0.097,-0.0625,-0.0381,-0.0624,-0.2976,-0.1733,0.0353,0.1089,-0.2023,-0.0131,-0.0604,-0.0706,-0.1124,-0.099,-0.1046
10000,"65-69",0,6.9,-0.0947,-0.0716,-0.0423,-0.0515,-0.043,-0.2261,-0.135,0.0394,0.1119,-0.1488,-0.0021,-0.0532,-0.0549,-0.084,-0.0815,-0.0555
10000,"70-74",0,9.8,-0.0578,-0.0506,-0.0316,-0.0192,-0.0396,-0.1843,-0.1017,0.041,0.1066,-0.0947,-0.0111,-0.0438,-0.0401,-0.0562,-0.048,-0.0486
10000,"75-79",0,9.6,-0.0448,-0.0386,-0.0161,-0.0115,-0.0142,-0.1712,-0.0879,0.0441,0.1007,-0.0702,0.0035,-0.0319,-0.0204,-0.0387,-0.037,-0.0279
10000,"80-84",0,13.4,-0.0488,-0.046,-0.0271,-0.0134,-0.0209,-0.161,-0.0877,0.0234,0.0772,-0.0687,-0.0134,-0.0498,-0.0216,-0.0464,-0.0385,-0.0297
10000,"85-89",0,14.8,-0.0394,-0.0387,-0.0271,-0.0165,-0.0132,-0.1303,-0.0711,0.0223,0.0755,-0.0518,-0.0167,-0.028,-0.034,-0.0394,-0.0317,-0.0341
10000,"90-94",0,10.8,-0.0449,-0.0424,-0.0249,-0.0145,-0.0138,-0.1559,-0.0826,0.0261,0.0788,-0.0655,-0.0122,-0.0249,-0.029,-0.0449,-0.044,-0.0369
10000,"95-99",0,4.6,-0.1217,-0.0982,-0.0625,-0.047,-0.0608,-0.2808,-0.1857,0.0352,0.1112,-0.2043,-0.0017,-0.0418,-0.0502,-0.1204,-0.1056,-0.096
10000,"100+",0,1,0.0058,-0.0202,-0.0389,-0.0162,-0.0111,-0.3307,-0.1576,0.0771,0.2256,-0.1566,0.1342,-0.0662,-0.0111,0.0058,-0.0031,-0.0052
50000,"0",0,1.2,-0.0692,-0.0932,-0.1092,-0.1208,-0.1319,-0.3887,-0.2332,0.0166,0.1577,-0.2384,0.0288,-0.1302,-0.1319,-0.0692,-0.0754,-0.0597
50000,"1-4",1,0.3,0.7135,0.7135,0.6371,0.5617,0.5113,0.5667,0.5946,0.7143,0.8049,0.6477,0.7147,0.6281,0.5113,0.7189,0.7003,0.6846
50000,"5-9",1,0.3,0.8658,0.8652,0.8006,0.7351,0.6925,0.7363,0.7616,0.8564,0.9504,0.8036,0.8658,0.7853,0.6925,0.8658,0.8501,0.8658
50000,"10-14",1,0.3,0.8262,0.8096,0.751,0.6912,0.6529,0.6931,0.7169,0.8094,0.8923,0.761,0.8262,0.7422,0.6529,0.8107,0.8104,0.7915
50000,"15-19",0.96,0.5,0.3386,0.3234,0.2633,0.2105,0.2344,0.0823,0.1527,0.3683,0.4913,0.2467,0.3643,0.2437,0.0305,0.3455,0.3217,0.3217
50000,"20-24",0,0.9,0.0529,0.0383,-0.0084,0.0034,0.0373,-0.2717,-0.1391,0.1221,0.2492,-0.0884,0.1391,-0.0192,0.1357,0.0584,0.0375,0.0105
50000,"25-29",0,1.2,-0.0865,-0.0955,-0.1115,-0.1496,-0.1561,-0.3829,-0.2345,0.0094,0.1473,-0.2543,0.0255,-0.1408,-0.2116,-0.0912,-0.1117,-0.1047
50000,"30-34",0,1.8,-0.1668,-0.1513,-0.145,-0.1541,-0.1629,-0.4174,-0.295,-0.0085,0.1058,-0.3221,-0.0327,-0.1272,-0.0526,-0.1706,-0.1542,-0.1624
50000,"35-39",0,2.6,-0.1667,-0.1645,-0.1276,-0.1275,-0.1687,-0.3956,-0.2552,-0.0085,0.1263,-0.3163,-0.0136,-0.0915,-0.0956,-0.1618,-0.1442,-0.1315
50000,"40-44",0,5,-0.13,-0.0977,-0.0606,-0.0514,-0.062,-0.2663,-0.1577,0.0215,0.1005,-0.1958,-0.0204,-0.0472,-0.0401,-0.1222,-0.1198,-0.0997
50000,"45-49",0,7.3,-0.0831,-0.0772,-0.0552,-0.0418,-0.0413,-0.2133,-0.1226,0.0133,0.0806,-0.1171,-0.0353,-0.0535,-0.0414,-0.0863,-0.0807,-0.0813
50000,"50-54",0,10.1,-0.0508,-0.0487,-0.0185,-0.0128,-0.0101,-0.1673,-0.0872,0.0407,0.1009,-0.0732,-0.0067,-0.0142,-0.0079,-0.0498,-0.0422,-0.0512
50000,"55-59",0,15.1,-0.0297,-0.0297,-0.0211,-0.022,-0.0233,-0.126,-0.0665,0.0223,0.0721,-0.036,-0.0174,-0.0231,-0.0151,-0.0288,-0.0328,-0.0331
50000,"60-64",0,23.6,-0.0331,-0.0331,-0.0272,-0.022,-0.0271,-0.1263,-0.0774,0.0187,0.0635,-0.0404,-0.0249,-0.0228,-0.0113,-0.0337,-0.0338,-0.0288
50000,"65-69",0,34.6,-0.0144,-0.0144,-0.011,-0.0043,-0.0112,-0.1042,-0.0563,0.0293,0.0711,-0.0196,-0.0097,-0.0122,-0.0094,-0.0144,-0.0153,-0.0196
50000,"70-74",0,48.8,-0.0135,-0.0135,-0.0116,-0.0159,-0.0155,-0.0932,-0.0497,0.025,0.0677,-0.0165,-0.0078,-0.0124,-0.0096,-0.012,-0.0155,-0.015
50000,"75-79",0,48,-0.0139,-0.0139,-0.0094,-0.0056,-0.0103,-0.0827,-0.0454,0.0223,0.0549,-0.0151,-0.0099,-0.0118,-0.006,-0.015,-0.015,-0.0194
50000,"80-84",0,67,-0.0045,-0.0045,-0.0037,-7e-04,-8e-04,-0.0581,-0.0283,0.0229,0.0487,-0.005,-0.0035,-0.004,-0.0034,-0.0055,-0.0054,-0.0134
50000,"85-89",0,73.9,-0.0061,-0.0061,-0.0056,-0.0041,-0.0033,-0.052,-0.0279,0.0165,0.0411,-0.0061,-0.006,-0.0057,0.001,-0.007,-0.0103,-0.0099
50000,"90-94",0,54,-0.0083,-0.0083,-0.0073,-0.0068,-0.0086,-0.0575,-0.032,0.0167,0.0378,-0.0083,-0.0083,-0.0065,-0.0056,-0.0078,-0.0112,-0.01
50000,"95-99",0,23.2,-0.0176,-0.0176,-0.0139,-0.0129,-0.0054,-0.0869,-0.0488,0.0193,0.0537,-0.0183,-0.0139,-0.0135,-0.0058,-0.0181,-0.0166,-0.0197
50000,"100+",0,5.1,-0.1352,-0.1031,-0.0604,-0.0641,-0.0596,-0.2628,-0.1623,0.0158,0.094,-0.1955,-0.0298,-0.0539,-0.0568,-0.1265,-0.0991,-0.0807
2e+05,"0",0,4.6,-0.1395,-0.0917,-0.0678,-0.0537,-0.0811,-0.3025,-0.1743,0.0339,0.1276,-0.2612,0.0213,-0.0592,-0.0699,-0.1378,-0.1086,-0.088
2e+05,"1-4",0,1.3,-0.0878,-0.0926,-0.1136,-0.1289,-0.1414,-0.362,-0.225,0.0184,0.1701,-0.2906,0.0887,-0.1267,-0.1708,-0.0875,-0.0927,-0.1066
2e+05,"5-9",0,1,-0.033,-0.0589,-0.0581,-0.0299,-6e-04,-0.3461,-0.2132,0.0589,0.239,-0.2147,0.1489,-0.0538,-6e-04,-0.0333,-0.0425,-0.0699
2e+05,"10-14",0,1.1,-0.0367,-0.0652,-0.0747,-0.065,-0.0402,-0.3509,-0.2039,0.0511,0.2269,-0.2397,0.1213,-0.0837,-0.0402,-0.0378,-0.0441,-0.0419
2e+05,"15-19",0,2.1,-0.1846,-0.1656,-0.1231,-0.1278,-0.1435,-0.4145,-0.2795,0.0059,0.1292,-0.3604,0.0283,-0.0898,-0.0456,-0.1854,-0.1738,-0.1661
2e+05,"20-24",0,3.4,-0.1357,-0.0926,-0.0757,-0.0888,-0.1242,-0.3295,-0.1928,0.0281,0.1432,-0.2762,0.046,-0.0502,-0.091,-0.1357,-0.1297,-0.1105
2e+05,"25-29",0,5,-0.1117,-0.0674,-0.0543,-0.0298,-0.058,-0.2666,-0.1594,0.0555,0.1356,-0.1995,0.037,-0.0346,-0.0291,-0.1096,-0.0938,-0.0803
2e+05,"30-34",0,7.1,-0.0884,-0.0732,-0.0439,-0.0339,-0.0498,-0.214,-0.1187,0.0258,0.1167,-0.1506,0.0035,-0.0354,-0.0189,-0.0876,-0.0683,-0.0806
2e+05,"35-39",0,10.5,-0.0642,-0.0574,-0.04,-0.0276,-0.0365,-0.1675,-0.1041,0.0247,0.0857,-0.0977,-0.0085,-0.0325,-0.0365,-0.0615,-0.0555,-0.0566
2e+05,"40-44",0,19.8,-0.0244,-0.0174,-0.0112,-0.0084,-9e-04,-0.106,-0.0568,0.0297,0.0693,-0.0372,-0.0018,-0.0092,-0.0015,-0.0264,-0.0261,-0.0242
2e+05,"45-49",0,29.3,-0.0219,-0.0219,-0.0162,-0.0152,-0.0161,-0.0893,-0.0475,0.0156,0.048,-0.0271,-0.0124,-0.0138,-0.0195,-0.022,-0.0225,-0.0229
2e+05,"50-54",0,40.5,-0.0091,-0.0091,-0.0082,-0.0095,-0.0042,-0.0685,-0.0373,0.0218,0.0501,-0.0117,-0.0054,-0.0059,-0.0077,-0.0105,-0.0105,-0.0123
2e+05,"55-59",0,60.5,-0.0096,-0.0096,-0.0081,-0.0028,-0.005,-0.0648,-0.034,0.0172,0.0454,-0.0111,-0.0052,-0.009,-0.0032,-0.0101,-0.0061,-0.0088
2e+05,"60-64",0,94.5,-0.0028,-0.0028,-0.0029,-1e-04,-0.0042,-0.0576,-0.0278,0.0227,0.0482,-0.0059,-0.0012,-0.0018,0.0013,-0.0025,-0.0029,-0.0106
2e+05,"65-69",0,138.4,-0.0011,-0.0011,1e-04,-0.0034,-0.0028,-0.062,-0.0292,0.0256,0.0539,-0.0061,0.0013,-9e-04,-0.0011,-0.0011,-0.0024,-0.0065
2e+05,"70-74",0,195.3,-0.0029,-0.0029,-0.0026,-0.0014,-0.0045,-0.0627,-0.0312,0.0253,0.0537,-0.0055,0.0022,-0.0028,-8e-04,-0.0033,-0.0025,-0.0031
2e+05,"75-79",0,192,-0.0024,-0.0024,-0.0024,-0.0029,-0.0051,-0.0494,-0.0225,0.0199,0.0403,-0.0038,-0.002,-0.0025,4e-04,-0.0024,-0.0023,-0.0071
2e+05,"80-84",0,267.9,-0.0016,-0.0016,-0.0019,-0.0018,-0.0016,-0.0396,-0.0188,0.0153,0.036,-0.0018,-0.0016,-0.0017,-0.0018,-0.002,-0.001,-0.0026
2e+05,"85-89",0,295.7,-0.0011,-0.0011,-0.001,-0.0021,-0.0049,-0.0312,-0.0159,0.0133,0.0276,-0.0011,-0.0011,-0.001,-0.0012,-5e-04,-0.0041,-0.0054
2e+05,"90-94",0,216,-0.0023,-0.0023,-0.0023,-0.0024,-0.0025,-0.0303,-0.0157,0.0105,0.0235,-0.0023,-0.0023,-0.0023,-0.0019,-0.0022,-0.0048,-0.0058
2e+05,"95-99",0,92.6,-0.0025,-0.0025,-0.0025,-0.0016,0.0017,-0.037,-0.0186,0.0134,0.0283,-0.0025,-0.0022,-0.0016,-9e-04,-0.0025,-0.0055,-0.0073
2e+05,"100+",0,20.2,-0.0266,-0.0255,-0.0105,-0.0123,-0.0111,-0.0954,-0.0515,0.0236,0.0636,-0.0312,-0.0043,-0.012,-0.0084,-0.0268,-0.0259,-0.0207
